{
    "train_losses": [
        0.0588789274216754,
        0.049809396398907496,
        0.055764083801827895,
        0.05656943318617312,
        0.055579442563863,
        0.05481030107474024,
        0.0542559000660949,
        0.05394673154108057,
        0.0538269822881297,
        0.053690251103549635,
        0.053611324106701344,
        0.05352725803387316,
        0.053437888708351484,
        0.053321000996189576,
        0.0532806694082999,
        0.05324863845286665,
        0.053217744894403195,
        0.05316132912537801,
        0.05311895164449168,
        0.053034146734852954,
        0.052999558424290945,
        0.0530130058027801,
        0.05296724407998562,
        0.052954284807765394,
        0.052937082735435015,
        0.052897690406982195,
        0.052894039681302525,
        0.052873634715687554,
        0.05286974244574239,
        0.05282825186653554
    ],
    "val_losses": [
        0.0460164545479141,
        0.050186976602811455,
        0.054344733521180015,
        0.05410628563330632,
        0.05354191812799868,
        0.052823301465563244,
        0.052539455259857724,
        0.05250230003249732,
        0.05241396487732764,
        0.05211125472442208,
        0.05216136134268476,
        0.05216655475231134,
        0.05187899598381913,
        0.05186171253328423,
        0.05165735544626704,
        0.05158693571583437,
        0.05160197818452347,
        0.05145961337954401,
        0.05140022139408087,
        0.051339078251738945,
        0.05145411676779633,
        0.05134329549332712,
        0.05134200771591083,
        0.051299538706748755,
        0.051252360095670565,
        0.05125005854236236,
        0.05114554635801787,
        0.05114383525308053,
        0.05112629913185772,
        0.05110919002626098
    ]
}